7zip	25.01+dfsg-1~deb13u2	LGPL-2.1+	https://www.7-zip.org/
adduser	3.152	GPL-2+	-
alsa-tools	1.2.14-1	GPL-2	https://www.alsa-project.org/
alsa-topology-conf	1.2.5.1-3	BSD-3-clause	https://www.alsa-project.org/
alsa-ucm-conf	1.2.14-1	BSD-3-clause	https://www.alsa-project.org/
alsa-utils	1.2.14-1+rpt1	GPL-2	https://www.alsa-project.org/
apparmor	4.1.0-1	GPL-2+	https://apparmor.net/
apt	3.0.3	GPL-2+	-
apt-listchanges	4.8	GPL-2+	https://salsa.debian.org/debian/apt-listchanges/
apt-utils	3.0.3	GPL-2+	-
avahi-daemon	0.8-16	-	https://avahi.org/
avahi-utils	0.8-16	-	https://avahi.org/
base-files	13.8+deb13u5	GPL-2+	-
base-passwd	3.6.7	GPL-2	-
bash	5.2.37-2+b9	GPL-3+	http://tiswww.case.edu/php/chet/bash/bashtop.html
bash-completion	1:2.16.0-7	GPL-2+	https://github.com/scop/bash-completion
binutils	2.44-3	-	https://www.gnu.org/software/binutils/
binutils-aarch64-linux-gnu	2.44-3	-	https://www.gnu.org/software/binutils/
binutils-common	2.44-3	-	https://www.gnu.org/software/binutils/
bluetooth	5.82-1.1+rpt1	GPL-2+	http://www.bluez.org
bluez	5.82-1.1+rpt1	GPL-2+	http://www.bluez.org
bluez-alsa-utils	4.3.1-3	Expat	https://github.com/Arkq/bluez-alsa
bluez-firmware	1.2-13+rpt2	GPL-2+	-
bsdextrautils	2.41-5	GPL-2+	https://github.com/util-linux/util-linux
bsdutils	1:2.41-5	GPL-2+	https://github.com/util-linux/util-linux
build-essential	12.12	-	-
busybox	1:1.37.0-6+b8	-	http://www.busybox.net
bzip2	1.0.8-6	BSD-variant	https://sourceware.org/bzip2/
ca-certificates	20250419	GPL-2+	-
chrony	4.6.1-3+deb13u1	GPL-2	https://chrony-project.org
cifs-utils	2:7.4-1	GPL-3+	https://wiki.samba.org/index.php/LinuxCIFS_utils
cloud-guest-utils	0.33-1	GPL-3	https://launchpad.net/cloud-utils
cloud-init	25.2-1~bpo13+1+rpt20	GPL-3 or Apache-2.0	https://launchpad.net/cloud-init
console-setup	1.242~deb13u1	-	-
console-setup-linux	1.242~deb13u1	-	-
coreutils	9.7-3	GPL-3+	https://gnu.org/software/coreutils
cpio	2.15+dfsg-2	GPL-3+	https://www.gnu.org/software/cpio/
cpp	4:14.2.0-1	-	-
cpp-14	14.2.0-19	-	http://gcc.gnu.org/
cpp-14-aarch64-linux-gnu	14.2.0-19	-	http://gcc.gnu.org/
cpp-14-for-host	14.2.0-19	-	http://gcc.gnu.org/
cpp-aarch64-linux-gnu	4:14.2.0-1	-	-
cron	3.0pl1-197	Paul-Vixie's-license	https://ftp.isc.org/isc/cron/
cron-daemon-common	3.0pl1-197	Paul-Vixie's-license	https://ftp.isc.org/isc/cron/
curl	8.14.1-2+deb13u3	curl	https://curl.se/
dash	0.5.12-12	BSD-3-Clause	http://gondor.apana.org.au/~herbert/dash/
dbus	1.16.2-2	GPL-2+ or AFL-2.1, and Expat and Tcl-BSDish	https://dbus.freedesktop.org/
dbus-bin	1.16.2-2	GPL-2+ or AFL-2.1, and Expat and Tcl-BSDish	https://dbus.freedesktop.org/
dbus-daemon	1.16.2-2	GPL-2+ or AFL-2.1, and Expat and Tcl-BSDish	https://dbus.freedesktop.org/
dbus-session-bus-common	1.16.2-2	GPL-2+ or AFL-2.1, and Expat and Tcl-BSDish	https://dbus.freedesktop.org/
dbus-system-bus-common	1.16.2-2	GPL-2+ or AFL-2.1, and Expat and Tcl-BSDish	https://dbus.freedesktop.org/
dbus-user-session	1.16.2-2	GPL-2+ or AFL-2.1, and Expat and Tcl-BSDish	https://dbus.freedesktop.org/
dconf-cli	0.40.0-5	LGPL-2+	https://wiki.gnome.org/Projects/dconf
debconf	1.5.91	BSD-2-clause	-
debconf-i18n	1.5.91	BSD-2-clause	-
debconf-utils	1.5.91	BSD-2-clause	-
debian-archive-keyring	2025.1	-	-
debianutils	5.23.2	GPL-2+	-
device-tree-compiler	1.7.2-2+b1	GPL-2+	https://git.kernel.org/cgit/utils/dtc/dtc.git
dhcpcd-base	1:10.1.0-11+deb13u2	BSD-2-clause	https://github.com/NetworkConfiguration/dhcpcd
diffutils	1:3.10-4	GPL-3+	https://www.gnu.org/software/diffutils/
dirmngr	2.4.7-21+deb13u1+b3	GPL-3+	https://www.gnupg.org/
distro-info-data	0.66+deb13u2	ISC	-
dmidecode	3.6-2	GPL-2+	https://nongnu.org/dmidecode/
dmsetup	2:1.02.205-2	GPL-2.0	https://sourceware.org/lvm2/
dns-root-data	2025080400~deb13u1	ICANN-Public	https://data.iana.org/root-anchors/
dnsmasq	2.91-1+deb13u1	GPL-2 or GPL-3	https://www.thekelleys.org.uk/dnsmasq/doc.html
dnsmasq-base	2.91-1+deb13u1	GPL-2 or GPL-3	https://www.thekelleys.org.uk/dnsmasq/doc.html
dos2unix	7.5.2-1+b1	BSD-2-clause	https://waterlan.home.xs4all.nl/dos2unix.html
dosfstools	4.2-1.2	GPL-3+	https://github.com/dosfstools/dosfstools
dpkg	1.22.22	GPL-2+	https://wiki.debian.org/Teams/Dpkg
dpkg-dev	1.22.22	GPL-2+	https://wiki.debian.org/Teams/Dpkg
dracut-install	106-6	GPL-2+	https://github.com/dracut-ng/dracut-ng/wiki
e2fsprogs	1.47.2-3+b11	GPL-2	http://e2fsprogs.sourceforge.net
eatmydata	131-2	GPL-3+	https://www.flamingspork.com/projects/libeatmydata/
ed	1.21.1-1	GPL-2+	https://www.gnu.org/software/ed/
eject	2.41-5	GPL-2+	https://github.com/util-linux/util-linux
ethtool	1:6.14.2-1	GPL-2	https://www.kernel.org/pub/software/network/ethtool/
exfatprogs	1.2.9-1+deb13u1	-	https://github.com/exfatprogs/exfatprogs
fakeroot	1.37.1.1-1	-	-
fbset	2.1-34	GPL-2	http://g33rt.be/migrated/Linux/fbdev/
fdisk	2.41-5	GPL-2+	https://github.com/util-linux/util-linux
file	1:5.46-5	BSD-2-Clause-alike	https://www.darwinsys.com/file/
findutils	4.10.0-3	GFDL-NIV-1.3+ or GFDL-NIV-1.3+	https://savannah.gnu.org/projects/findutils/
firmware-brcm80211	1:20250410-2+rpt1	GPL-2+	https://gitlab.com/kernel-firmware/linux-firmware
firmware-libertas	1:20250410-2+rpt1	GPL-2+	https://gitlab.com/kernel-firmware/linux-firmware
firmware-mediatek	1:20250410-2+rpt1	GPL-2+	https://gitlab.com/kernel-firmware/linux-firmware
firmware-realtek	1:20250410-2+rpt1	GPL-2+	https://gitlab.com/kernel-firmware/linux-firmware
flashrom	1.4.0-3+rpt1	GPL-2+	http://www.flashrom.org
fuse3	3.17.2-3	GPL-2	https://github.com/libfuse/libfuse/wiki
g++	4:14.2.0-1	-	-
g++-14	14.2.0-19	-	http://gcc.gnu.org/
g++-14-aarch64-linux-gnu	14.2.0-19	-	http://gcc.gnu.org/
g++-aarch64-linux-gnu	4:14.2.0-1	-	-
gcc	4:14.2.0-1	-	-
gcc-14	14.2.0-19	-	http://gcc.gnu.org/
gcc-14-aarch64-linux-gnu	14.2.0-19	-	http://gcc.gnu.org/
gcc-14-base	14.2.0-19	-	http://gcc.gnu.org/
gcc-14-for-host	14.2.0-19	-	http://gcc.gnu.org/
gcc-aarch64-linux-gnu	4:14.2.0-1	-	-
gdb	16.3-1	GPL-3+	https://www.gnu.org/s/gdb/
gdisk	1.0.10-2+b1	LGPL-2.0+	http://sourceforge.net/projects/gptfdisk/
gettext-base	0.23.1-2	GPL-3+	https://www.gnu.org/software/gettext/
gir1.2-girepository-2.0	1.84.0-1	GPL-2+	https://wiki.gnome.org/GObjectIntrospection
gir1.2-glib-2.0	2.84.4-3~deb13u3	LGPL-2.1+	https://gitlab.gnome.org/GNOME/glib
gnupg	2.4.7-21+deb13u1	GPL-3+	https://www.gnupg.org/
gnupg-l10n	2.4.7-21+deb13u1	GPL-3+	https://www.gnupg.org/
gnupg-utils	2.4.7-21+deb13u1+b3	GPL-3+	https://www.gnupg.org/
gpg	2.4.7-21+deb13u1+b3	GPL-3+	https://www.gnupg.org/
gpg-agent	2.4.7-21+deb13u1+b3	GPL-3+	https://www.gnupg.org/
gpg-wks-client	2.4.7-21+deb13u1+b3	GPL-3+	https://www.gnupg.org/
gpgconf	2.4.7-21+deb13u1+b3	GPL-3+	https://www.gnupg.org/
gpgsm	2.4.7-21+deb13u1+b3	GPL-3+	https://www.gnupg.org/
gpgv	2.4.7-21+deb13u1+b3	GPL-3+	https://www.gnupg.org/
gpiod	2.2.1-2+deb13u1	LGPL-2.1+	https://git.kernel.org/pub/scm/libs/libgpiod/libgpiod.git
grep	3.11-4+b1	GPL-3+	https://www.gnu.org/software/grep/
groff-base	1.23.0-9	-	https://www.gnu.org/software/groff/
gzip	1.13-1	GPL-3+	https://www.gnu.org/software/gzip/
hostapd	2:2.10-24	BSD-3-clause	https://w1.fi/wpa_supplicant/
hostname	3.25	GPL-2	-
htop	3.4.1-5	GPL-2+	https://htop.dev/
init	1.69~deb13u1	BSD-3-clause	-
init-system-helpers	1.69~deb13u1	BSD-3-clause	-
initramfs-tools	0.148.4+rpt2	GPL-2+	-
initramfs-tools-bin	0.148.4+rpt2	GPL-2+	-
initramfs-tools-core	0.148.4+rpt2	GPL-2+	-
inotify-tools	4.23.9.0-2+b1	GPL-2	https://github.com/rvoicilas/inotify-tools/wiki/
iproute2	6.15.0-1	GPL-2	https://wiki.linuxfoundation.org/networking/iproute2
iputils-arping	3:20240905-3	BSD-3-clause	https://github.com/iputils/iputils/
iputils-ping	3:20240905-3	BSD-3-clause	https://github.com/iputils/iputils/
iso-codes	4.18.0-1	LGPL-2.1+	https://salsa.debian.org/iso-codes-team/iso-codes
iw	6.9-1+b1	ISC	https://wireless.wiki.kernel.org/en/users/documentation/iw
kbd	2.7.1-2	GPL-2+	https://kbd-project.org/
keyboard-configuration	1.242~deb13u1	-	-
klibc-utils	2.0.14-1	-	https://git.kernel.org/cgit/libs/klibc/klibc.git
kmod	34.2-2	LGPL-2.1+	-
kms++-utils	0~git20250807.1813ada-1	MPL-2.0	https://github.com/tomba/kmsxx
less	668-1	GPL-3+ or Less	http://www.greenwoodsoftware.com/less/
libabsl20240722	20240722.0-4	Apache-2.0	https://abseil.io/
libacl1	2.3.2-2+b1	GPL-2+	https://savannah.nongnu.org/projects/acl/
libalgorithm-diff-perl	1.201-1	Artistic or GPL-1+	https://metacpan.org/release/Algorithm-Diff
libalgorithm-diff-xs-perl	0.04-9	Artistic or GPL-1+	https://metacpan.org/release/Algorithm-Diff-XS
libalgorithm-merge-perl	0.08-5	Artistic or GPL-1+	https://metacpan.org/release/Algorithm-Merge
libapparmor1	4.1.0-1	GPL-2+	https://apparmor.net/
libapt-pkg7.0	3.0.3	GPL-2+	-
libasan8	14.2.0-19	-	http://gcc.gnu.org/
libasound2-data	1.2.14-1+rpt1	LGPL-2.1+	https://www.alsa-project.org/
libasound2-dev	1.2.14-1+rpt1	LGPL-2.1+	https://www.alsa-project.org/
libasound2-plugin-bluez	4.3.1-3	Expat	https://github.com/Arkq/bluez-alsa
libasound2t64	1.2.14-1+rpt1	LGPL-2.1+	https://www.alsa-project.org/
libassuan9	3.0.2-2	LGPL-2.1+	https://www.gnupg.org/related_software/libassuan/index.html
libasyncns0	0.8-6+b5	LGPL-2.1+	http://0pointer.de/lennart/projects/libasyncns/
libatasmart4	0.19-5+b2	-	http://0pointer.de/blog/projects/being-smart.html
libatomic1	14.2.0-19	-	http://gcc.gnu.org/
libatopology2t64	1.2.14-1+rpt1	LGPL-2.1+	https://www.alsa-project.org/
libattr1	1:2.5.2-3	GPL-2+	https://savannah.nongnu.org/projects/attr/
libaudit-common	1:4.0.2-2	GPL-2	https://people.redhat.com/sgrubb/audit/
libaudit1	1:4.0.2-2+b2	GPL-2	https://people.redhat.com/sgrubb/audit/
libavahi-client3	0.8-16	-	https://avahi.org/
libavahi-common-data	0.8-16	-	https://avahi.org/
libavahi-common3	0.8-16	-	https://avahi.org/
libavahi-core7	0.8-16	-	https://avahi.org/
libb2-1	0.98.1-1.1+b2	CC0	https://blake2.net/
libbabeltrace1	1.5.11-4+b2	MIT	https://www.efficios.com/babeltrace
libbinutils	2.44-3	-	https://www.gnu.org/software/binutils/
libblas3	3.12.1-6	BSD-3-clause	https://www.netlib.org/lapack/
libblkid1	2.41-5	GPL-2+	https://github.com/util-linux/util-linux
libblockdev-crypto3	3.3.0-2.1	LGPL-2.1+	https://github.com/storaged-project/libblockdev
libblockdev-fs3	3.3.0-2.1	LGPL-2.1+	https://github.com/storaged-project/libblockdev
libblockdev-loop3	3.3.0-2.1	LGPL-2.1+	https://github.com/storaged-project/libblockdev
libblockdev-mdraid3	3.3.0-2.1	LGPL-2.1+	https://github.com/storaged-project/libblockdev
libblockdev-nvme3	3.3.0-2.1	LGPL-2.1+	https://github.com/storaged-project/libblockdev
libblockdev-part3	3.3.0-2.1	LGPL-2.1+	https://github.com/storaged-project/libblockdev
libblockdev-swap3	3.3.0-2.1	LGPL-2.1+	https://github.com/storaged-project/libblockdev
libblockdev-utils3	3.3.0-2.1	LGPL-2.1+	https://github.com/storaged-project/libblockdev
libblockdev3	3.3.0-2.1	LGPL-2.1+	https://github.com/storaged-project/libblockdev
libbluetooth3	5.82-1.1+rpt1	GPL-2+	http://www.bluez.org
libboost-filesystem1.83.0	1.83.0-4.2	BSL-1.0	http://boost.org/libs/filesystem/
libboost-log1.83.0	1.83.0-4.2	BSL-1.0	http://www.boost.org/libs/log/
libboost-program-options1.83.0	1.83.0-4.2	BSL-1.0	http://www.boost.org/libs/program_options/
libboost-thread1.83.0	1.83.0-4.2	BSL-1.0	http://www.boost.org/libs/thread/
libbpf1	1:1.5.0-3	LGPL-2.1 or BSD-2-Clause	-
libbrotli1	1.1.0-2+b7	MIT	https://github.com/google/brotli
libbsd0	0.12.2-2	BSD-3-clause	https://libbsd.freedesktop.org/
libbytesize-common	2.11-2	LGPL-2.1+	https://github.com/storaged-project/libbytesize
libbytesize1	2.11-2	LGPL-2.1+	https://github.com/storaged-project/libbytesize
libbz2-1.0	1.0.8-6	BSD-variant	https://sourceware.org/bzip2/
libc-bin	2.41-12+rpt1+deb13u3	LGPL-2.1+	https://www.gnu.org/software/libc/libc.html
libc-dev-bin	2.41-12+rpt1+deb13u3	LGPL-2.1+	https://www.gnu.org/software/libc/libc.html
libc-l10n	2.41-12+rpt1+deb13u3	LGPL-2.1+	https://www.gnu.org/software/libc/libc.html
libc6	2.41-12+rpt1+deb13u3	LGPL-2.1+	https://www.gnu.org/software/libc/libc.html
libc6-dev	2.41-12+rpt1+deb13u3	LGPL-2.1+	https://www.gnu.org/software/libc/libc.html
libcamera-ipa	0.7.1+rpt20260609-1	GPL-2+	https://libcamera.org/
libcamera0.7	0.7.1+rpt20260609-1	GPL-2+	https://libcamera.org/
libcap-ng0	0.8.5-4+b1	LGPL-2.1+	https://people.redhat.com/sgrubb/libcap-ng
libcap2	1:2.75-10+deb13u1+b1	BSD-3-clause or GPL-2	https://sites.google.com/site/fullycapable/
libcap2-bin	1:2.75-10+deb13u1+b1	BSD-3-clause or GPL-2	https://sites.google.com/site/fullycapable/
libcbor0.10	0.10.2-2	Expat	https://github.com/PJK/libcbor
libcc1-0	14.2.0-19	-	http://gcc.gnu.org/
libcom-err2	1.47.2-3+b11	GPL-2	http://e2fsprogs.sourceforge.net
libconfig11	1.7.3-2	LGPL-2.1+	https://hyperrealm.github.io/libconfig/
libcpuinfo0	0.0~git20250327.39ea79a-1	BSD-2-clause	https://github.com/pytorch/cpuinfo
libcrypt-dev	1:4.4.38-1	-	-
libcrypt1	1:4.4.38-1	-	-
libcryptsetup12	2:2.7.5-2	GPL-2+ with OpenSSL exception	https://gitlab.com/cryptsetup/cryptsetup
libctf-nobfd0	2.44-3	-	https://www.gnu.org/software/binutils/
libctf0	2.44-3	-	https://www.gnu.org/software/binutils/
libcurl3t64-gnutls	8.14.1-2+deb13u3	curl	https://curl.se/
libcurl4t64	8.14.1-2+deb13u3	curl	https://curl.se/
libdaemon0	0.14-7.1+b3	-	http://0pointer.de/lennart/projects/libdaemon/
libdb5.3t64	5.3.28+dfsg2-9	Sleepycat and BSD-3-clause	http://www.oracle.com/technetwork/database/database-technologies/berkeleydb/overview/index.html
libdbus-1-3	1.16.2-2	GPL-2+ or AFL-2.1, and Expat and Tcl-BSDish	https://dbus.freedesktop.org/
libdconf1	0.40.0-5	LGPL-2+	https://wiki.gnome.org/Projects/dconf
libdebconfclient0	0.280	BSD-2-Clause	-
libdebuginfod-common	0.192-4	GPL-3+	https://sourceware.org/elfutils/
libdebuginfod1t64	0.192-4	GPL-3+	https://sourceware.org/elfutils/
libdeflate0	1.23-2	Expat	https://github.com/ebiggers/libdeflate
libdevmapper1.02.1	2:1.02.205-2	GPL-2.0	https://sourceware.org/lvm2/
libdouble-conversion3	3.3.1-1	BSD-3-clause	https://github.com/google/double-conversion
libdpkg-perl	1.22.22	GPL-2+	https://wiki.debian.org/Teams/Dpkg
libdrm-common	2.4.131-1~bpo13+1+rpt2	Expat	https://gitlab.freedesktop.org/mesa/drm/
libdrm2	2.4.131-1~bpo13+1+rpt2	Expat	https://gitlab.freedesktop.org/mesa/drm/
libdtovl0	20260601-1	BSD-3-clause	https://github.com/raspberrypi/utils
libduktape207	2.7.0-2+b2	expat	https://duktape.org
libdvdread8t64	6.1.3-2	GPL-2+	https://www.videolan.org/developers/libdvdnav.html
libdw1t64	0.192-4	GPL-3+	https://sourceware.org/elfutils/
libeatmydata1	131-2+b1	GPL-3+	https://www.flamingspork.com/projects/libeatmydata/
libebml5	1.4.5-1+b1	LGPL-2.1	https://dl.matroska.org/downloads/libebml/
libedit2	3.1-20250104-1	BSD-3-clause	https://www.thrysoee.dk/editline/
libelf1t64	0.192-4	GPL-3+	https://sourceware.org/elfutils/
libexif12	0.6.25-1+deb13u1	LGPL-2.1-or-later	https://libexif.github.io/
libexpat1	2.7.1-2	MIT	https://libexpat.github.io/
libext2fs2t64	1.47.2-3+b11	GPL-2	http://e2fsprogs.sourceforge.net
libfakeroot	1.37.1.1-1	-	-
libfarmhash0	0~git20190513.0d859a8-3+b1	Expat	https://github.com/google/farmhash
libfdisk1	2.41-5	GPL-2+	https://github.com/util-linux/util-linux
libfdt1	1.7.2-2+b1	GPL-2+	https://git.kernel.org/cgit/utils/dtc/dtc.git
libffi8	3.4.8-2	Expat	https://sourceware.org/libffi/
libfftw3-single3	3.3.10-2+b1	GPL-2+	https://fftw.org
libfido2-1	1.15.0-1+b1	BSD-2-clause	https://developers.yubico.com/libfido2/
libfile-fcntllock-perl	0.22-4+b4	Artistic or GPL-1+	https://metacpan.org/release/File-FcntlLock
libflac14	1.5.0+ds-2	GPL-2+ or LGPL-2.1+	https://xiph.org/flac/
libfmt10	10.1.1+ds1-4	Expat with embedded exception	https://fmt.dev/
libfreeaptx0	0.2.2-1	LGPL-2.1+	https://github.com/iamthehorker/libfreeaptx
libftdi1-2	1.5-10	LGPL-2.1	https://www.intra2net.com/en/developer/libftdi/
libfuse3-4	3.17.2-3	GPL-2	https://github.com/libfuse/libfuse/wiki
libgcc-14-dev	14.2.0-19	-	http://gcc.gnu.org/
libgcc-s1	14.2.0-19	-	http://gcc.gnu.org/
libgcrypt20	1.11.0-7+deb13u1	-	https://gnupg.org/software/libgcrypt/
libgdbm-compat4t64	1.24-2	GPL-3+	https://gnu.org/software/gdbm
libgdbm6t64	1.24-2	GPL-3+	https://gnu.org/software/gdbm
libgfortran5	14.2.0-19	-	http://gcc.gnu.org/
libgirepository-1.0-1	1.84.0-1	GPL-2+	https://wiki.gnome.org/GObjectIntrospection
libglib2.0-0t64	2.84.4-3~deb13u3	LGPL-2.1+	https://gitlab.gnome.org/GNOME/glib
libglib2.0-data	2.84.4-3~deb13u3	LGPL-2.1+	https://gitlab.gnome.org/GNOME/glib
libgmp10	2:6.3.0+dfsg-3	GPL-2+ or LGPL-3+	https://gmplib.org/
libgnutls30t64	3.8.9-3+deb13u4	The main library is licensed under GNU Lesser	https://www.gnutls.org/
libgomp1	14.2.0-19	-	http://gcc.gnu.org/
libgpg-error-l10n	1.51-4	LGPL-2.1+	https://www.gnupg.org/related_software/libgpg-error/
libgpg-error0	1.51-4	LGPL-2.1+	https://www.gnupg.org/related_software/libgpg-error/
libgpgme11t64	1.24.2-3	LGPL-2.1+	https://gnupg.org/software/gpgme/
libgpiod3	2.2.1-2+deb13u1	LGPL-2.1+	https://git.kernel.org/pub/scm/libs/libgpiod/libgpiod.git
libgpiolib0	20260601-1	BSD-3-clause	https://github.com/raspberrypi/utils
libgprofng0	2.44-3	-	https://www.gnu.org/software/binutils/
libgssapi-krb5-2	1.21.3-5+deb13u1	-	https://web.mit.edu/kerberos/
libgudev-1.0-0	238-6	LGPL-2+	https://wiki.gnome.org/Projects/libgudev
libhidapi-hidraw0	0.14.0-1+b2	GPL-3.0 or BSD-3-clause or HIDAPI	https://github.com/libusb/hidapi
libhogweed6t64	3.10.1-1	LGPL-3+ or GPL-2+	https://www.lysator.liu.se/~nisse/nettle/
libhwasan0	14.2.0-19	-	http://gcc.gnu.org/
libicu76	76.1-4	MIT	https://icu.unicode.org/
libidn2-0	2.3.8-2	GPL-3+	https://www.gnu.org/software/libidn/#libidn2
libinotifytools0	4.23.9.0-2+b1	GPL-2	https://github.com/rvoicilas/inotify-tools/wiki/
libisl23	0.27-1	MIT	https://openhub.net/p/isl
libitm1	14.2.0-19	-	http://gcc.gnu.org/
libiw30t64	30~pre9-18+b1	-	https://hewlettpackard.github.io/wireless-tools/Tools.html
libjack-jackd2-0	1.9.22~dfsg-4	LGPL-2.1+	https://jackaudio.org/
libjansson4	2.14-2+b3	Expat	http://www.digip.org/jansson/
libjaylink0	0.4.0-1	GPL-2+	http://git.zapb.de/libjaylink/libjaylink
libjbig0	2.1-6.1+b2	GPL-2+	http://www.cl.cam.ac.uk/~mgk25/jbigkit/
libjim0.83	0.83-2	BSD-2-clause	http://jim.tcl.tk/
libjpeg62-turbo	1:2.1.5-4	BSD-BY-LC-NE	https://www.libjpeg-turbo.org/
libjson-c5	0.18+ds-1	Expat	https://github.com/json-c/json-c/wiki
libk5crypto3	1.21.3-5+deb13u1	-	https://web.mit.edu/kerberos/
libkeyutils1	1.6.3-6	GPL-2+	https://git.kernel.org/pub/scm/linux/kernel/git/dhowells/keyutils.git
libklibc	2.0.14-1	-	https://git.kernel.org/cgit/libs/klibc/klibc.git
libkmod2	34.2-2	LGPL-2.1+	-
libkms++0	0~git20250807.1813ada-1	MPL-2.0	https://github.com/tomba/kmsxx
libkrb5-3	1.21.3-5+deb13u1	-	https://web.mit.edu/kerberos/
libkrb5support0	1.21.3-5+deb13u1	-	https://web.mit.edu/kerberos/
libksba8	1.6.7-2+b1	FSFUL	https://www.gnupg.org/related_software/libksba/
liblapack3	3.12.1-6	BSD-3-clause	https://www.netlib.org/lapack/
liblastlog2-2	2.41-5	GPL-2+	https://github.com/util-linux/util-linux
liblc3-1	1.1.3+dfsg-1	Apache-2.0	https://github.com/google/liblc3
libldacbt-abr2	2.0.2.3+git20200429+ed310a0-5	Apache-2	https://android.googlesource.com/platform/external/libldac
libldacbt-enc2	2.0.2.3+git20200429+ed310a0-5	Apache-2	https://android.googlesource.com/platform/external/libldac
libldap-common	2.6.10+dfsg-1	OpenLDAP-2.8	https://www.openldap.org/
libldap2	2.6.10+dfsg-1	OpenLDAP-2.8	https://www.openldap.org/
liblerc4	4.0.0+ds-5	Apache-2.0	https://github.com/Esri/lerc
liblgpio1	0.2.2-1~rpt1+trixie	Unlicense	https://abyz.me.uk/lg
liblocale-gettext-perl	1.07-7+b1	Artistic or GPL-1+	https://metacpan.org/release/Locale-gettext
liblsan0	14.2.0-19	-	http://gcc.gnu.org/
liblttng-ust-common1t64	2.13.9-1	LGPL-2.1	https://lttng.org/
liblttng-ust-ctl5t64	2.13.9-1	LGPL-2.1	https://lttng.org/
liblttng-ust1t64	2.13.9-1	LGPL-2.1	https://lttng.org/
libluajit-5.1-2	2.1.0+openresty20250117-2	MIT/X	https://github.com/openresty/luajit2
libluajit-5.1-common	2.1.0+openresty20250117-2	MIT/X	https://github.com/openresty/luajit2
liblz4-1	1.10.0-4	GPL-2+	https://github.com/lz4/lz4
liblzma5	5.8.1-1	-	https://tukaani.org/xz/
libmagic-mgc	1:5.46-5	BSD-2-Clause-alike	https://www.darwinsys.com/file/
libmagic1t64	1:5.46-5	BSD-2-Clause-alike	https://www.darwinsys.com/file/
libmatroska7	1.7.1-1+b2	LGPL-2.1	https://www.matroska.org/
libmd0	1.1.0-2+b1	BSD-3-clause	https://www.hadrons.org/software/libmd/
libmm-glib0	1.24.0-1+deb13u1	GPL-2.0+	https://www.freedesktop.org/wiki/Software/ModemManager/
libmnl0	1.0.5-3	LGPL-2.1	https://netfilter.org/projects/libmnl/
libmosquitto1	2.0.21-1	EPL-2.0 or EDL-1.0	https://mosquitto.org/
libmount1	2.41-5	GPL-2+	https://github.com/util-linux/util-linux
libmp3lame0	3.100-6+b3	LGPL-2+	https://lame.sourceforge.io/
libmpc3	1.3.1-1+b3	-	http://www.multiprecision.org/mpc/
libmpfr6	4.2.2-1	-	https://www.mpfr.org/
libmpg123-0t64	1.32.10-1+deb13u1	LGPL-2.1	http://mpg123.org/
libmtp-common	1.1.22-1	LGPL-2+	https://libmtp.sourceforge.net/
libmtp-runtime	1.1.22-1	LGPL-2+	https://libmtp.sourceforge.net/
libmtp9t64	1.1.22-1	LGPL-2+	https://libmtp.sourceforge.net/
libncurses6	6.5+20250216-2	MIT/X11	https://invisible-island.net/ncurses/
libncursesw6	6.5+20250216-2	MIT/X11	https://invisible-island.net/ncurses/
libndp0	1.9-1+b1	LGPL-2.1+	http://libndp.org
libnetfilter-conntrack3	1.1.0-1	GPL-2+	https://www.netfilter.org/projects/libnetfilter_conntrack/
libnetplan1	1.1.2-7+rpt1	GPL-3	https://netplan.io/
libnettle8t64	3.10.1-1	LGPL-3+ or GPL-2+	https://www.lysator.liu.se/~nisse/nettle/
libnewt0.52	0.52.25-1	LGPL-2	https://pagure.io/newt
libnfnetlink0	1.0.2-3	GPL-2.0+	https://git.netfilter.org/libnfnetlink
libnftables1	1.1.3-1	GPL-2	https://www.netfilter.org/
libnftnl11	1.2.9-1	GPL-2+	https://git.netfilter.org/libnftnl
libnghttp2-14	1.64.0-1.1+deb13u1	Expat	https://nghttp2.org/
libnghttp3-9	1.8.0-1	MIT	https://github.com/ngtcp2/nghttp3
libngtcp2-16	1.11.0-1+deb13u1	MIT	https://github.com/ngtcp2/ngtcp2
libngtcp2-crypto-gnutls8	1.11.0-1+deb13u1	MIT	https://github.com/ngtcp2/ngtcp2
libnl-3-200	3.7.0-2	-	https://github.com/thom311/libnl
libnl-genl-3-200	3.7.0-2	-	https://github.com/thom311/libnl
libnl-route-3-200	3.7.0-2	-	https://github.com/thom311/libnl
libnm0	1.52.1-1+rpt4	GPL-2+	https://networkmanager.dev/
libnpth0t64	1.8-3	LGPL-2.1+	https://www.gnupg.org/
libnspr4	2:4.36-1	MPL-2.0	http://www.mozilla.org/projects/nspr/
libnss-mdns	0.15.1-4+b1	LGPL-2+	https://github.com/lathiat/nss-mdns
libnss3	2:3.110-1+deb13u2	MPL-2.0	https://developer.mozilla.org/en-US/docs/Mozilla/Projects/NSS
libntfs-3g89t64	1:2022.10.3-5+deb13u1	GPL-2+	https://github.com/tuxera/ntfs-3g/wiki
libnuma1	2.0.19-1	-	https://github.com/numactl/numactl
libnvme1t64	1.13-2	LGPL-2.1+	https://github.com/linux-nvme/libnvme
libogg0	1.3.5-3+b2	BSD-3-clause	https://xiph.org/ogg/
libopus0	1.5.2-2	BSD-3-clause	http://www.opus-codec.org
libossp-uuid16	1.6.4-1	OSSP	http://www.ossp.org/pkg/lib/uuid/
libp11-kit0	0.25.5-3	BSD-3-clause	https://p11-glue.github.io/p11-glue/p11-kit.html
libpam-chksshpwd	2.0	BSD-3-Clause	-
libpam-modules	1.7.0-5	BSD-3-clause or GPL	http://www.linux-pam.org/
libpam-modules-bin	1.7.0-5	BSD-3-clause or GPL	http://www.linux-pam.org/
libpam-runtime	1.7.0-5	BSD-3-clause or GPL	http://www.linux-pam.org/
libpam-systemd	257.13-1~deb13u1	LGPL-2.1+	https://systemd.io
libpam0g	1.7.0-5	BSD-3-clause or GPL	http://www.linux-pam.org/
libparted2t64	3.6-5	-	https://www.gnu.org/software/parted
libpcap0.8t64	1.10.5-2	-	https://www.tcpdump.org/
libpci3	1:3.13.0-2	GPL-2+	https://mj.ucw.cz/sw/pciutils/
libpcre2-16-0	10.46-1~deb13u1	BSD-3-clause-Cambridge with BINARY LIBRARY-LIKE PACKAGES exception	https://github.com/PCRE2Project/pcre2
libpcre2-8-0	10.46-1~deb13u1	BSD-3-clause-Cambridge with BINARY LIBRARY-LIKE PACKAGES exception	https://github.com/PCRE2Project/pcre2
libpcsclite1	2.3.3-1	BSD-3-clause	https://pcsclite.apdu.fr/
libperl5.40	5.40.1-6	GPL-1+ or Artistic	https://dev.perl.org/perl5/
libpipeline1	1.5.8-1	GPL-2+	https://libpipeline.gitlab.io/libpipeline/
libpisp-common	1.5.0-1	BSD-2-clause	https://github.com/raspberrypi/libpisp
libpisp1	1.5.0-1	BSD-2-clause	https://github.com/raspberrypi/libpisp
libpkgconf3	1.8.1-4	ISC	http://pkgconf.org/
libpng16-16t64	1.6.48-1+deb13u5	libpng	http://libpng.org/pub/png/libpng.html
libpolkit-agent-1-0	126-2	LGPL-2.0+ and Expat	https://github.com/polkit-org/polkit/
libpolkit-gobject-1-0	126-2	LGPL-2.0+ and Expat	https://github.com/polkit-org/polkit/
libpopt0	1.19+dfsg-2	expat	https://github.com/rpm-software-management/popt
libproc2-0	2:4.0.4-9	LGPL-2.1+	https://gitlab.com/procps-ng/procps
libpsl5t64	0.21.2-1.1+b1	MIT	https://github.com/rockdaboot/libpsl
libpugixml1v5	1.14-2	Expat	https://pugixml.org/
libpulse0	17.0+dfsg1-2+rpt1	LGPL-2.1+	http://pulseaudio.org
libpython3-stdlib	3.13.5-1	-	https://www.python.org/
libpython3.13	3.13.5-2+deb13u2	-	-
libpython3.13-minimal	3.13.5-2+deb13u2	-	-
libpython3.13-stdlib	3.13.5-2+deb13u2	-	-
libqt6core6t64	6.8.2+dfsg-9+deb13u2	LGPL-3 or GPL-2	https://www.qt.io/developers/
libreadline8t64	8.2-6	GPL-3+	https://tiswww.case.edu/php/chet/readline/rltop.html
librpicam-app1	1.12.0-1	BSD-2-Clause	https://github.com/raspberrypi/rpicam-apps/
librpieepromab0	20260601-1	BSD-3-clause	https://github.com/raspberrypi/utils
librpifwcrypto0	20260601-1	BSD-3-clause	https://github.com/raspberrypi/utils
librtmp1	2.4+20151223.gitfa8646d.1-2+b5	-	http://rtmpdump.mplayerhq.hu/
libsamplerate0	0.2.2-4+b2	BSD-2-clause	https://libsndfile.github.io/libsamplerate/
libsasl2-2	2.1.28+dfsg1-9	BSD-3-Clause-Attribution	https://www.cyrusimap.org/sasl/
libsasl2-modules	2.1.28+dfsg1-9	BSD-3-Clause-Attribution	https://www.cyrusimap.org/sasl/
libsasl2-modules-db	2.1.28+dfsg1-9	BSD-3-Clause-Attribution	https://www.cyrusimap.org/sasl/
libsbc1	2.1-1	GPL-2+	https://www.bluez.org/
libseccomp2	2.6.0-2	LGPL-2.1	https://github.com/seccomp/libseccomp
libselinux1	3.8.1-1	public-domain	https://github.com/SELinuxProject
libsemanage-common	3.8.1-1	LGPL-2.1+	https://selinuxproject.org
libsemanage2	3.8.1-1	LGPL-2.1+	https://selinuxproject.org
libsepol2	3.8.1-1	LGPL-2.1+	https://selinuxproject.org
libsframe1	2.44-3	-	https://www.gnu.org/software/binutils/
libsharpyuv0	1.5.0-0.1	BSD-3-Clause	https://developers.google.com/speed/webp/
libslang2	2.3.3-5+b2	GPL-2+	http://www.jedsoft.org/slang/
libsmartcols1	2.41-5	GPL-2+	https://github.com/util-linux/util-linux
libsndfile1	1.2.2-2+deb13u1	LGPL-2.1+	https://libsndfile.github.io/libsndfile/
libsource-highlight-common	3.1.9-4.3	GPL-3+	http://www.gnu.org/software/src-highlite/
libsource-highlight4t64	3.1.9-4.3+b1	GPL-3+	http://www.gnu.org/software/src-highlite/
libsoxr0	0.1.3-4+b2	LGPL-2.1+	http://sourceforge.net/projects/soxr/
libspandsp2t64	0.0.6+dfsg-2.2	-	https://www.soft-switch.org/installing-spandsp.html
libsqlite3-0	3.46.1-7+deb13u1	public-domain	https://www.sqlite.org/
libss2	1.47.2-3+b11	GPL-2	http://e2fsprogs.sourceforge.net
libssh2-1t64	1.11.1-1	BSD3	https://libssh2.org/
libssl3t64	3.5.6-1~deb13u2+rpt1	Apache-2.0	https://openssl-library.org
libstdc++-14-dev	14.2.0-19	-	http://gcc.gnu.org/
libstdc++6	14.2.0-19	-	http://gcc.gnu.org/
libsystemd-shared	257.13-1~deb13u1	LGPL-2.1+	https://systemd.io
libsystemd0	257.13-1~deb13u1	LGPL-2.1+	https://systemd.io
libtalloc2	2:2.4.3+samba4.22.8+dfsg-0+deb13u2	GPL-3.0+	https://www.samba.org
libtasn1-6	4.20.0-2	-	https://www.gnu.org/software/libtasn1/
libteamdctl0	1.31-1+b2	LGPL-2.1+	http://libteam.org
libtensorflow-lite2.20.0	2.20.0-1+rpt1	Apache-2.0	https://tensorflow.org/
libtext-charwidth-perl	0.04-11+b4	Artistic or GPL-1+	https://metacpan.org/release/Text-CharWidth
libtext-iconv-perl	1.7-8+b4	Artistic or GPL-1+	https://metacpan.org/release/Text-Iconv
libtext-wrapi18n-perl	0.06-10	Artistic or GPL-1+	https://metacpan.org/release/Text-WrapI18N
libtiff6	4.7.0-3+deb13u2	Hylafax	https://libtiff.gitlab.io/libtiff/
libtinfo6	6.5+20250216-2	MIT/X11	https://invisible-island.net/ncurses/
libtirpc-common	1.3.6+ds-1	BSD-3-Clause	http://sourceforge.net/projects/libtirpc
libtirpc3t64	1.3.6+ds-1	BSD-3-Clause	http://sourceforge.net/projects/libtirpc
libtsan2	14.2.0-19	-	http://gcc.gnu.org/
libubsan1	14.2.0-19	-	http://gcc.gnu.org/
libuchardet0	0.0.8-1+b2	MPL-1.1 or GPL-2+ or LGPL-2.1+	https://www.freedesktop.org/wiki/Software/uchardet/
libudev1	257.13-1~deb13u1	LGPL-2.1+	https://systemd.io
libudisks2-0	2.10.1-12.1+deb13u1	GPL-2+	https://www.freedesktop.org/wiki/Software/udisks
libunistring5	1.3-2	GPL-3+	https://www.gnu.org/software/libunistring/
libusb-1.0-0	2:1.0.28-1	LGPL-2.1+	http://www.libusb.info
libuuid1	2.41-5	GPL-2+	https://github.com/util-linux/util-linux
libv4l-0t64	1.30.1-1	GPL-2	https://linuxtv.org/wiki/index.php/V4l-utils
libv4l2rds0t64	1.30.1-1	GPL-2	https://linuxtv.org/wiki/index.php/V4l-utils
libv4lconvert0t64	1.30.1-1	GPL-2	https://linuxtv.org/wiki/index.php/V4l-utils
libvolume-key1	0.3.12-9	GPL-2	https://pagure.io/volume_key
libvorbis0a	1.3.7-3	BSD-3-Clause	https://www.xiph.org/vorbis/
libvorbisenc2	1.3.7-3	BSD-3-Clause	https://www.xiph.org/vorbis/
libwbclient0	2:4.22.8+dfsg-0+deb13u2	GPL-3.0+	https://www.samba.org
libwebp7	1.5.0-0.1	BSD-3-Clause	https://developers.google.com/speed/webp/
libwrap0	7.6.q-36	TCP-wrappers	-
libwtmpdb0	0.73.0-3+deb13u1	BSD-2-Clause	https://github.com/thkukuk/wtmpdb/
libx11-6	2:1.8.12-1	-	-
libx11-data	2:1.8.12-1	-	-
libx11-xcb1	2:1.8.12-1	-	-
libxau6	1:1.0.11-1	-	-
libxcb1	1.17.0-2+b1	-	https://xcb.freedesktop.org
libxdmcp6	1:1.1.5-1	-	-
libxext6	2:1.3.4-1+b3	-	-
libxml2	2.12.7+dfsg+really2.9.14-2.1+deb13u2	MIT-1	http://xmlsoft.org
libxmuu1	2:1.1.3-3+b4	-	-
libxtables12	1.8.11-2	GPL-2	https://www.netfilter.org/
libxxhash0	0.8.3-2	BSD-2-clause	https://cyan4973.github.io/xxHash
libyaml-0-2	0.2.5-2	Expat	https://github.com/yaml/libyaml
libyuv0	0.0.1904.20250204-1	BSD-3-Clause	https://chromium.googlesource.com/libyuv/libyuv/
libzstd1	1.5.7+dfsg-1	BSD-3-clause or GPL-2	https://github.com/facebook/zstd
linux-base	4.12.1	GPL-2	-
linux-base-6.18.34+rpt-rpi-2712	1:6.18.34-1+rpt1	GPL-2	https://github.com/raspberrypi/linux/
linux-base-6.18.34+rpt-rpi-v8	1:6.18.34-1+rpt1	GPL-2	https://github.com/raspberrypi/linux/
linux-base-rpi-2712	1:6.18.34-1+rpt1	GPL-2	https://github.com/raspberrypi/linux/
linux-base-rpi-v8	1:6.18.34-1+rpt1	GPL-2	https://github.com/raspberrypi/linux/
linux-headers-6.18.34+rpt-common-rpi	1:6.18.34-1+rpt1	GPL-2	https://github.com/raspberrypi/linux/
linux-headers-6.18.34+rpt-rpi-2712	1:6.18.34-1+rpt1	GPL-2	https://github.com/raspberrypi/linux/
linux-headers-6.18.34+rpt-rpi-v8	1:6.18.34-1+rpt1	GPL-2	https://github.com/raspberrypi/linux/
linux-headers-rpi-2712	1:6.18.34-1+rpt1	GPL-2	https://github.com/raspberrypi/linux/
linux-headers-rpi-v8	1:6.18.34-1+rpt1	GPL-2	https://github.com/raspberrypi/linux/
linux-image-6.12.47+rpt-rpi-v8-rt	1:6.12.47-1+rpt1	GPL-2	https://github.com/raspberrypi/linux/
linux-image-6.18.34+rpt-rpi-2712	1:6.18.34-1+rpt1	GPL-2	https://github.com/raspberrypi/linux/
linux-image-6.18.34+rpt-rpi-v8	1:6.18.34-1+rpt1	GPL-2	https://github.com/raspberrypi/linux/
linux-image-rpi-2712	1:6.18.34-1+rpt1	GPL-2	https://github.com/raspberrypi/linux/
linux-image-rpi-v8	1:6.18.34-1+rpt1	GPL-2	https://github.com/raspberrypi/linux/
linux-kbuild-6.18.34+rpt	1:6.18.34-1+rpt1	GPL-2	https://github.com/raspberrypi/linux/
linux-libc-dev	1:6.18.34-1+rpt1	GPL-2	https://github.com/raspberrypi/linux/
linux-sysctl-defaults	4.12.1	GPL-2	-
locales	2.41-12+rpt1+deb13u3	LGPL-2.1+	https://www.gnu.org/software/libc/libc.html
login	1:4.16.0-2+really2.41-5	GPL-2+	https://github.com/util-linux/util-linux
login.defs	1:4.17.4-2	BSD-3-clause	https://github.com/shadow-maint/shadow
logrotate	3.22.0-1+b2	GPL-2	https://github.com/logrotate/logrotate
logsave	1.47.2-3+b11	GPL-2	http://e2fsprogs.sourceforge.net
lsb-release	12.1-1	ISC	https://gioele.io/lsb-release-minimal
lua5.1	5.1.5-11	Expat	https://www.lua.org
luajit	2.1.0+openresty20250117-2	MIT/X	https://github.com/openresty/luajit2
make	4.4.1-2	GPL-3+	https://www.gnu.org/software/make/
man-db	2.13.1-1	GPL-2+	https://man-db.gitlab.io/man-db/
manpages	6.9.1-1	GPL-2+	https://www.kernel.org/doc/man-pages/
manpages-dev	6.9.1-1	GPL-2+	https://www.kernel.org/doc/man-pages/
mawk	1.3.4.20250131-1	GPL-2.0-only	https://invisible-island.net/mawk/
media-types	13.0.0	ad-hoc	-
mkvtoolnix	92.0-1	GPL-2+	https://mkvtoolnix.download/index.html
mount	2.41-5	GPL-2+	https://github.com/util-linux/util-linux
nano	8.4-1+deb13u1	GPL-3+	https://www.nano-editor.org/
ncdu	1.22-1	Expat	https://dev.yorhel.nl/ncdu/
ncurses-base	6.5+20250216-2	MIT/X11	https://invisible-island.net/ncurses/
ncurses-bin	6.5+20250216-2	MIT/X11	https://invisible-island.net/ncurses/
ncurses-term	6.5+20250216-2	MIT/X11	https://invisible-island.net/ncurses/
net-tools	2.10-1.3	GPL-2+	http://sourceforge.net/projects/net-tools/
netbase	6.5	GPL-2	-
netcat-openbsd	1.229-1	BSD-3-Clause	-
netplan-generator	1.1.2-7+rpt1	GPL-3	https://netplan.io/
netplan.io	1.1.2-7+rpt1	GPL-3	https://netplan.io/
network-manager	1.52.1-1+rpt4	GPL-2+	https://networkmanager.dev/
network-manager-l10n	1.52.1-1+rpt4	GPL-2+	https://networkmanager.dev/
nftables	1.1.3-1	GPL-2	https://www.netfilter.org/
ntfs-3g	1:2022.10.3-5+deb13u1	GPL-2+	https://github.com/tuxera/ntfs-3g/wiki
openssh-client	1:10.0p1-7+deb13u4	OpenSSH	https://www.openssh.com/
openssh-server	1:10.0p1-7+deb13u4	OpenSSH	https://www.openssh.com/
openssh-sftp-server	1:10.0p1-7+deb13u4	OpenSSH	https://www.openssh.com/
openssl	3.5.6-1~deb13u2+rpt1	Apache-2.0	https://openssl-library.org
openssl-provider-legacy	3.5.6-1~deb13u2+rpt1	Apache-2.0	https://openssl-library.org
p7zip-full	16.02+transitional.1	GPL-2+	https://7-zip.org/
pahole	1.30-1	GPL-2.0-only	https://git.kernel.org/pub/scm/devel/pahole/pahole.git
parted	3.6-5	-	https://www.gnu.org/software/parted
passwd	1:4.17.4-2	BSD-3-clause	https://github.com/shadow-maint/shadow
pastebinit	1.7.1-1+~rpt2	GPL-2+	https://github.com/pastebinit/pastebinit
patch	2.8-2	GPL-3+	https://savannah.gnu.org/projects/patch/
pci.ids	0.0~2025.06.09-1	GPL-2+ or BSD-3-clause	https://pci-ids.ucw.cz/
pciutils	1:3.13.0-2	GPL-2+	https://mj.ucw.cz/sw/pciutils/
perl	5.40.1-6	GPL-1+ or Artistic	https://dev.perl.org/perl5/
perl-base	5.40.1-6	GPL-1+ or Artistic	https://dev.perl.org/perl5/
perl-modules-5.40	5.40.1-6	GPL-1+ or Artistic	https://dev.perl.org/perl5/
pinentry-curses	1.3.1-2	GPL-2+	https://www.gnupg.org/related_software/pinentry/
pkg-config	1.8.1-4	ISC	http://pkgconf.org/
pkgconf	1.8.1-4	ISC	http://pkgconf.org/
pkgconf-bin	1.8.1-4	ISC	http://pkgconf.org/
polkitd	126-2	LGPL-2.0+ and Expat	https://github.com/polkit-org/polkit/
ppp	2.5.2-1+1	-	https://ppp.samba.org/
procps	2:4.0.4-9	LGPL-2.1+	https://gitlab.com/procps-ng/procps
psmisc	23.7-2	GPL-2+	http://psmisc.sf.net/
publicsuffix	20250328.1952-0.1	MPL-2.0	https://publicsuffix.org
python-apt-common	3.0.0	GPL-2+	-
python-babel-localedata	2.17.0-1	BSD-3-clause	https://babel.pocoo.org/
python-is-python3	3.13.3-1	GPL-3.0	-
python3	3.13.5-1	-	https://www.python.org/
python3-alsaaudio	0.10.0-0.1+b5	-	http://larsimmisch.github.io/pyalsaaudio/
python3-apt	3.0.0	GPL-2+	-
python3-arrow	1.3.0-1.1	Apache-2.0	https://arrow.readthedocs.io/
python3-attr	25.3.0-1	Expat	https://attrs.readthedocs.org/
python3-babel	2.17.0-1	BSD-3-clause	https://babel.pocoo.org/
python3-bcrypt	4.2.0-2.1+b1	Apache-2.0	https://github.com/pyca/bcrypt
python3-blinker	1.9.0-1	Expat	https://github.com/pallets-eco/blinker
python3-certifi	2025.1.31+ds-1	MPL-2	https://github.com/certifi/python-certifi
python3-cffi-backend	1.17.1-3	Expat	https://cffi.readthedocs.org/
python3-chardet	5.2.0+dfsg-2	LGPL-2.1+	https://github.com/chardet/chardet
python3-charset-normalizer	3.4.2-1	Expat	https://github.com/ousret/charset_normalizer
python3-click	8.2.0+0.really.8.1.8-1	BSD-3-clause	https://github.com/pallets/click
python3-colorzero	2.0-4	BSD-3-Clause	https://pypi.org/project/colorzero/
python3-configobj	5.0.9-1	BSD-3-clause	http://www.voidspace.org.uk/python/configobj.html
python3-cryptography	43.0.0-3+deb13u1	Apache	https://cryptography.io/
python3-dateutil	2.9.0-4	BSD-3-clause	https://github.com/dateutil/dateutil
python3-dbus	1.4.0-1	Expat	https://www.freedesktop.org/wiki/Software/DBusBindings#Python
python3-debconf	1.5.91	BSD-2-clause	-
python3-distro	1.9.0-1	Apache-2.0	https://github.com/python-distro/distro
python3-flask	3.1.1-1	BSD-3-clause	https://github.com/pallets/flask
python3-fqdn	1.5.1-2	MPL-2.0	https://github.com/ypcrts/fqdn
python3-gi	3.50.0-4+b1	LGPL-2.1+	https://pygobject.readthedocs.io/
python3-gpiozero	2.0.1-0+rpt1+trixie	BSD-3-Clause	http://gpiozero.readthedocs.io/
python3-idna	3.10-1	BSD-3-clause	https://github.com/kjd/idna
python3-ifaddr	0.2.0-2	MIT	https://github.com/ifaddr/ifaddr
python3-isoduration	20.11.0+git20211126.ae0bd61-2	ISC	https://github.com/bolsote/isoduration
python3-itsdangerous	2.2.0-2	BSD-3-clause	https://itsdangerous.palletsprojects.com/
python3-jinja2	3.1.6-1	-	http://jinja.pocoo.org/
python3-json-pointer	2.4-3	BSD-3-clauses	https://github.com/stefankoegl/python-json-pointer
python3-jsonpatch	1.32-5	BSD-3-clauses	https://github.com/stefankoegl/python-json-patch
python3-jsonschema	4.19.2-6	MIT	https://github.com/Julian/jsonschema
python3-jsonschema-specifications	2023.12.1-2	Expat	https://github.com/python-jsonschema/jsonschema-specifications
python3-jwt	2.10.1-2+deb13u1	Expat	https://github.com/jpadilla/pyjwt
python3-lgpio	0.2.2-1~rpt1+trixie	Unlicense	https://abyz.me.uk/lg
python3-libgpiod	2.2.1-2+deb13u1	LGPL-2.1+	https://git.kernel.org/pub/scm/libs/libgpiod/libgpiod.git
python3-linkify-it	2.0.3-1	MIT	https://github.com/tsutsu3/linkify-it-py
python3-markdown-it	3.0.0-3	expat	https://github.com/executablebooks/markdown-it-py
python3-markupsafe	2.1.5-1+b4	-	https://palletsprojects.com/p/markupsafe/
python3-mdurl	0.1.2-1	expat	https://github.com/executablebooks/mdurl
python3-minimal	3.13.5-1	-	https://www.python.org/
python3-netplan	1.1.2-7+rpt1	GPL-3	https://netplan.io/
python3-numpy	1:2.2.4+ds-1	BSD-3-Clause	http://www.numpy.org/
python3-numpy-dev	1:2.2.4+ds-1	BSD-3-Clause	http://www.numpy.org/
python3-oauthlib	3.2.2-3	BSD-3-clause	https://github.com/idan/oauthlib
python3-packaging	25.0-1	Apache-2.0 or BSD-2-clause	https://github.com/pypa/packaging
python3-pip	25.1.1+dfsg-1+rpt1	Expat	https://pip.pypa.io/en/stable/
python3-pip-whl	25.1.1+dfsg-1+rpt1	Expat	https://pip.pypa.io/en/stable/
python3-pycryptodome	3.20.0+dfsg-3	public-domain	https://www.pycryptodome.org
python3-pygments	2.18.0+dfsg-2	BSD-2-clause	https://pygments.org/
python3-referencing	0.36.2-1	MIT	https://github.com/python-jsonschema/referencing
python3-requests	2.32.3+dfsg-5+deb13u1	Apache	https://requests.readthedocs.io/
python3-rfc3339-validator	0.1.4-2	Expat	https://github.com/naimetti/rfc3339-validator
python3-rfc3986-validator	0.1.1-2	Expat	https://github.com/naimetti/rfc3986-validator
python3-rfc3987	1.3.8-3	GPL-3+	https://github.com/dgerber/rfc3987
python3-rich	13.9.4-1	MIT	https://github.com/Textualize/rich
python3-rpds-py	0.21.0-2+b1	MIT	https://github.com/crate-py/rpds
python3-rpi-lgpio	0.6-0~rpt1+trixie	MIT	https://github.com/waveform80/rpi-lgpio
python3-setuptools-whl	78.1.1-0.1	-	https://pypi.python.org/pypi/setuptools
python3-smbus2	0.4.3-1	Expat	https://github.com/kplindegaard/smbus2
python3-spidev	3.6-1+b6	Expat	https://github.com/doceme/py-spidev
python3-systemd	235-1+b7	LGPL-2.1+	https://www.freedesktop.org/wiki/Software/systemd
python3-typeshed	0.0~git20241223.ea91db2-1	Apache-2.0	https://github.com/python/typeshed
python3-uc-micro	1.0.3-1	MIT	https://github.com/tsutsu3/uc.micro-py
python3-uritemplate	4.1.1-3	Apache-2	https://github.com/python-hyper/uritemplate
python3-urllib3	2.3.0-3+deb13u1	Expat	https://urllib3.readthedocs.org
python3-venv	3.13.5-1	-	https://www.python.org/
python3-webcolors	1.13-1	BSD-3-Clause	http://www.bitbucket.org/ubernostrum/webcolors/overview/
python3-werkzeug	3.1.3-2	BSD-3-clause	https://github.com/pallets/werkzeug/
python3-wheel	0.46.1-2	Expat	https://github.com/pypa/wheel
python3-yaml	6.0.2-1+b2	-	https://github.com/yaml/pyyaml
python3-zeroconf	0.147.0-1	LGPL-2.1+	https://github.com/python-zeroconf/python-zeroconf
python3.13	3.13.5-2+deb13u2	-	-
python3.13-minimal	3.13.5-2+deb13u2	-	-
python3.13-venv	3.13.5-2+deb13u2	-	-
raspberrypi-archive-keyring	2025.1+rpt1	-	-
raspberrypi-net-mods	1.4.4	-	-
raspberrypi-sys-mods	1:20260612	BSD-3-Clause	https://github.com/RPi-Distro/raspberrypi-sys-mods
raspi-config	20260522	MIT	-
raspi-config-core	20260522	MIT	-
raspi-firmware	1:1.20260521-3	Proprietary_1	https://github.com/raspberrypi/firmware
raspi-utils	20260601-1	BSD-3-clause	https://github.com/raspberrypi/utils
raspi-utils-core	20260601-1	BSD-3-clause	https://github.com/raspberrypi/utils
raspi-utils-dt	20260601-1	BSD-3-clause	https://github.com/raspberrypi/utils
raspi-utils-eeprom	20260601-1	BSD-3-clause	https://github.com/raspberrypi/utils
raspi-utils-otp	20260601-1	BSD-3-clause	https://github.com/raspberrypi/utils
raspinfo	20260601-1	BSD-3-clause	https://github.com/raspberrypi/utils
raspotify	0.48.1~librespot.v0.8.0-ea81314	-	https://github.com/dtcooper/raspotify
readline-common	8.2-6	GPL-3+	https://tiswww.case.edu/php/chet/readline/rltop.html
rfkill	2.41-5	GPL-2+	https://github.com/util-linux/util-linux
rpcsvc-proto	1.4.3-1+b1	BSD-3-clause	https://github.com/thkukuk/rpcsvc-proto
rpi-cloud-init-mods	1:20260119	MIT	https://github.com/RPi-Distro/rpi-cloud-init-mods
rpi-connect-lite	2.12.0	BSD-3-clause	https://www.raspberrypi.com/software/connect/
rpi-eeprom	28.27-1	BSD-3	https://github.com/raspberrypi/rpi-eeprom/
rpi-keyboard-config	1.0	BSD-3-Clause	-
rpi-keyboard-fw-update	1.0.1	BSD-3-Clause	-
rpi-loop-utils	1.2.2	BSD-3-Clause	https://www.raspberrypi.com/software
rpi-swap	1.2.2	BSD-3-Clause	https://www.raspberrypi.com/software
rpi-systemd-config	1.1.1	BSD-3-Clause	https://www.raspberrypi.com/software
rpi-update	20230904	MIT	https://github.com/Hexxeh/rpi-update
rpi-usb-gadget	1.0.6	Apache-2.0	https://github.com/raspberrypi/rpi-usb-gadget
rpicam-apps-core	1.12.0-1	BSD-2-Clause	https://github.com/raspberrypi/rpicam-apps/
rpicam-apps-lite	1.12.0-1	BSD-2-Clause	https://github.com/raspberrypi/rpicam-apps/
rpieepromab	20260601-1	BSD-3-clause	https://github.com/raspberrypi/utils
rpifwcrypto	20260601-1	BSD-3-clause	https://github.com/raspberrypi/utils
rsync	3.4.1+ds1-5+deb13u3	GPL-3+	https://rsync.samba.org/
runit-helper	2.16.4	GPL-3+	https://salsa.debian.org/debian/dh-runit
sed	4.9-2+deb13u1	GPL-3+	https://www.gnu.org/software/sed/
sensible-utils	0.0.25	GPL-2+	-
sgml-base	1.31+nmu1	GPL-2+	-
shairport-sync	4.3.7-1	MIT	https://github.com/mikebrady/shairport-sync
shared-mime-info	2.4-5+b2	-	https://freedesktop.org/wiki/Software/shared-mime-info
sq	1.3.1-2+b2	LGPL-2.0-or-later	https://sequoia-pgp.org/
sqv	1.3.0-3+b2	LGPL-2.0-or-later	https://sequoia-pgp.org/
ssh	1:10.0p1-7+deb13u4	OpenSSH	https://www.openssh.com/
ssh-import-id	5.10-3	GPL-3	https://launchpad.net/ssh-import-id
strace	6.13+ds-1	LGPL-2.1+	https://strace.io
sudo	1.9.16p2-3+deb13u2	ISC	https://www.sudo.ws/
systemd	257.13-1~deb13u1	LGPL-2.1+	https://systemd.io
systemd-sysv	257.13-1~deb13u1	LGPL-2.1+	https://systemd.io
systemd-timesyncd	257.13-1~deb13u1	-	https://systemd.io
systemd-zram-generator	1.2.1-2	MIT	https://github.com/systemd/zram-generator
sysvinit-utils	3.14-4	GPL-2.0+	https://github.com/slicer69/sysvinit
tar	1.35+dfsg-3.1	GPL-3+	https://www.gnu.org/software/tar/
tzdata	2026b-0+deb13u1	public-domain	https://www.iana.org/time-zones
ucf	3.0052	GPL-2	-
udev	257.13-1~deb13u1	LGPL-2.1+	https://systemd.io
udisks2	2.10.1-12.1+deb13u1	GPL-2+	https://www.freedesktop.org/wiki/Software/udisks
unzip	6.0-29	-	https://infozip.sourceforge.net/UnZip.html
usb-modeswitch	2.6.1-4+b2	GPL-2+	https://www.draisberghof.de/usb_modeswitch/
usb-modeswitch-data	20191128-7	-	https://www.draisberghof.de/usb_modeswitch/
usbutils	1:018-2	GPL-2.0+	https://github.com/gregkh/usbutils
userconf-pi	0.18	BSD-3-Clause	-
util-linux	2.41-5	GPL-2+	https://github.com/util-linux/util-linux
uuid	1.6.4-1	OSSP	http://www.ossp.org/pkg/lib/uuid/
v4l-utils	1.30.1-1	GPL-2	https://linuxtv.org/wiki/index.php/V4l-utils
vim-common	2:9.1.1230-2	Vim	https://www.vim.org/
vim-tiny	2:9.1.1230-2	Vim	https://www.vim.org/
wget	1.25.0-2	-	https://www.gnu.org/software/wget/
whiptail	0.52.25-1	LGPL-2	https://pagure.io/newt
wireless-regdb	2026.02.04-1~deb13u1	ISC	https://wireless.wiki.kernel.org/en/developers/regulatory/wireless-regdb
wireless-tools	30~pre9-18+b1	-	https://hewlettpackard.github.io/wireless-tools/Tools.html
wpasupplicant	2:2.10-24	BSD-3-clause	https://w1.fi/wpa_supplicant/
xauth	1:1.1.2-1.1	-	-
xdg-user-dirs	0.18-2	-	https://www.freedesktop.org/wiki/Software/xdg-user-dirs
xkb-data	2.42-1	-	https://www.freedesktop.org/Software/XKeyboardConfig
xml-core	0.19	GPL-2+	-
xz-utils	5.8.1-1	-	https://tukaani.org/xz/
zip	3.0-15	-	https://infozip.sourceforge.net/Zip.html
zlib1g	1:1.3.dfsg+really1.3.1-1+b1	Zlib	http://zlib.net/
zstd	1.5.7+dfsg-1	BSD-3-clause or GPL-2	https://github.com/facebook/zstd
